cited_title,cited_doi,cited_publication_date,cited_author,cited_mag_id,cited_publication_year,cited_retraction_year,coci_citing_entities,coci_num_citations
When Words Hurt: Affective Word Use in Daily News Coverage Impacts Mental Health,10.3389/fpsyg.2018.01333,08/02/2018,Jolie B Wormwood; Madeleine Devlin; Yu Ru Lin; Lisa Feldman Barrett; Karen S Quigley,2886242761,08/02/2018,12/17/2020,10.1177/0165025419830248;; 10.17829/turcom.458433;; 10.3389/fpubh.2020.00175,3
Globalization and vulnerable populations in times of a pandemic: A Mayan perspective,10.1186/s13010-020-00093-4,10/12/2020,Claudia Ruiz Sotomayor; Alejandra Barrero,,10/12/2020,12/14/2020,,0
"Crisis of the nomological model, expectation of diligence and criminally relevant conduct. Comparative aspects on the definition of punishable fault",10.22034/jhi.2019.80908,08/01/2019,Dimitris Liakopoulos,3047018195,08/01/2019,12/12/2020,,0
Search of Self Amidst Chaos,10.1007/s40737-015-0023-8,03/14/2015,Pankaj Suneja,2130836170,03/14/2015,12/08/2020,,0
"The Good, the Bad, and the Ugly: Should We Completely Banish Human Albumin from Our Intensive Care Units",10.1097/00000539-200010000-00022,10/01/2000,Joachim Boldt,2039505288,10/01/2000,10/23/2020,10.1111/j.1476-4431.2005.00141.x;; 10.1007/s11739-012-0802-0;; 10.1517/14740338.6.4.407;; 10.1002/9781119129400.ch6;; 10.1007/s00101-007-1235-4;; 10.1002/9781118356807.ch12;; 10.1097/01.ccm.0000142574.00425.e9;; 10.1097/00075198-200208000-00005;; 10.1080/13693780500129814;; 10.1017/s0265021503001273;; 10.1007/978-3-662-10597-9_26;; 10.1002/9781444316780.ch6;; 10.1177/108925320400800405;; 10.1592/phco.23.1.88.31914;; 10.1179/acb.2007.092;; 10.1097/00003643-200310000-00003;; 10.1177/0115426505020003314;; 10.1097/00000539-200110000-00001;; 10.1093/ajhp/62.6.637;; 10.1111/j.0894-0959.2004.17603.x;; 10.1213/ane.0000000000005113,21
The Influence of Different Intravascular Volume Replacement Regimens on Renal Function in the Elderly,10.1213/00000539-199911000-00009,05/01/1999,Bernhard Kumle; Joachim Boldt; Sven Piper; Christian Schmidt; Stephan Suttner; Sanja Salopek,2796436963,05/01/1999,10/23/2020,10.3109/9781420016680-28;; 10.1186/1471-227x-8-1;; 10.1007/bf03017799;; 10.1007/bf03018316;; 10.1007/bf03040482;; 10.1177/039139880402701206;; 10.1002/14651858.cd003590.pub2;; 10.1002/14651858.cd003590.pub3;; 10.1002/14651858.cd003590.pub4;; 10.2165/00002018-200225120-00002;; 10.2165/00003088-200544070-00002;; 10.1007/s00540-008-0659-6;; 10.1007/s00540-010-1034-y;; 10.1097/01.ccm.0000139761.05492.d6;; 10.1111/trf.12892;; 10.1097/00075198-200212000-00009;; 10.1002/14651858.cd007594.pub2;; 10.1002/14651858.cd007594.pub3;; 10.1017/s0265021506000639;; 10.1017/s026502150800447x;; 10.1007/s00134-007-0716-x;; 10.1007/s00134-008-1225-2;; 10.1007/s00134-009-1509-1;; 10.1002/bjs.5726;; 10.1002/bjs.9943;; 10.1081/jdi-100103493;; 10.1097/aln.0b013e3181a7ec82;; 10.1097/01.shk.0000225415.5969694.ce;; 10.1002/9781444319583.ch12;; 10.1002/9781444319583.ch14;; 10.1097/00000539-200203000-00011;; 10.1097/00000539-200209000-00007;; 10.1097/00000539-200302000-00014;; 10.1097/00000539-200407000-00080;; 10.1007/978-0-387-85922-4_15;; 10.1213/ane.0000000000005113,36
Which Countries Publish in Important Anesthesia and Critical Care Journals,10.1213/00000539-199905000-00038,05/01/1999,Joachim Boldt; Wolfgang H Malek; Katharina P Koetter,,05/01/1999,10/23/2020,10.1111/j.1365-2044.2010.06424.x;; 10.1111/j.1365-2044.2008.05475.x;; 10.1111/j.1365-2044.2009.06011.x;; 10.1186/1471-2253-11-24;; 10.1186/1471-2253-12-5;; 10.1007/s11192-007-1962-y;; 10.1007/s11192-016-2179-8;; 10.1007/978-88-470-2793-0_23;; 10.1046/j.0265-0215.2000.00793.x;; 10.1007/s00101-005-0892-4;; 10.1007/s00101-014-2298-7;; 10.1097/ccm.0b013e318186aec8;; 10.1007/s10792-008-9278-3;; 10.3171/jns.2004.100.1.0073;; 10.1002/bjs.5571;; 10.1213/ane.0b013e31818f0e89;; 10.1186/s40560-015-0106-3;; 10.1097/00003643-200103000-00011;; 10.1097/00003643-200805001-00733;; 10.1213/ane.0000000000003846;; 10.1034/j.1399-6576.2003.00105.x;; 10.1034/j.1399-6576.2003.00137.x,22
Structural styles and origin of the Dabashan foreland arcuate belt and basin-mountain system in central China,10.1016/j.jseaes.2019.03.002,03/04/2019,Kai Cui; Yixuan Wang,2920537051,03/04/2019,10/17/2020,10.1002/gj.4006,1
Men’s music ability and attractiveness to women in a real-life courtship context,10.1177/0305735613482025,05/01/2013,Nicolas Guéguen; Sébastien Meineri; Jacques Fischer-Lokou,2168925826,05/01/2013,07/15/2020;; 10/08/2020,10.1080/08098131.2015.1088057;; 10.1177/0265407519859440;; 10.1007/978-3-030-02556-4_10;; 10.1007/s40750-018-0103-6;; 10.1007/s40806-018-0147-7;; 10.1002/jocb.78;; 10.1371/journal.pone.0183531;; 10.1007/978-3-319-39666-8_12;; 10.3389/fpsyg.2019.02627,9
Cognitive-behavioural therapy combined with music therapy for chronic fatigue following Epstein-Barr virus infection in adolescents: a feasibility study,10.1136/bmjpo-2019-000620,04/09/2020,Sadak Malik; Tarjei Tørre Asprusten; Maria Pedersen; Julie Mangersnes; Gro Trondalen; Betty van Roy; Eva Skovlund; Vegard Bruun Wyller,3015365171,04/09/2020,10/01/2020,,0
"Johannes Koder, Die Byzantiner: Kultur und Alltag im Mittelalter",10.1086/699870,10/01/2018,Spyros P Panagopoulos,,10/01/2018,10/01/2020,,0
Report of the Linacre Quarterly Survey: The Linacre Quarterly Committee,10.1177/0024363919863548,07/31/2019,Editorial Staff,2965282029,07/31/2019,09/29/2020,,0
Introduction,10.1163/15685349-12341340,07/14/2017,Frédéric Goubier; Magali Roques,,07/14/2017,09/04/2020,,0
"Thought-time, money-time and the conditions of free academic labour",10.1177/0961463X15577256,03/29/2015,Jeff Noonan,2318852949,03/29/2015,08/28/2020,10.1080/1070289x.2019.1599580;; 10.1108/jd-01-2020-0015;; 10.1177/0961463x20951679,3
A Companion to Latin Greece,10.1080/09503110.2018.1426701,03/15/2018,Spyros P Panagopoulos,2790857228,03/15/2018,08/11/2020,,0
Approaches to the Byzantine Family,10.1080/09503110.2016.1198537,08/22/2016,Spyros P Panagopoulos,2538432206,08/22/2016,08/11/2020,,0
"Byzantine Epirus: A Topography of Transformation. Settlement of the Seventh-Twelfth Centuries in Southern Epirus and Aetoloacarnania, Greece",10.1080/09503110.2015.1100830,01/05/2016,Spyros P Panagopoulos,2223733090,01/05/2016,08/11/2020,,0
"Byzantines, Latins, and Turks in the Eastern Mediterranean World after 1150",10.1080/09503110.2015.1100832,01/05/2016,Spyros P Panagopoulos,2226103934,01/05/2016,08/11/2020,,0
"Byzantium and the Emergence of Muslim-Turkish Anatolia, ca. 1040-1130",10.1080/09503110.2019.1614313,05/17/2019,Spyros P Panagopoulos,2945264000,05/17/2019,08/11/2020,,0
Diplomatics in the Eastern Mediterranean 1000–1500: Aspects of Cross-Cultural Communication,10.1080/09503110.2014.878439,03/03/2014,Spyros P Panagopoulos,2038868142,03/03/2014,08/11/2020,,0
Mediterranes Kaisertum und imperiale Ordnung: Das lateinische Kaiserreich von Konstantinopel,10.1080/09503110.2017.1379983,09/29/2017,Spyros P Panagopoulos,2791746640,09/29/2017,08/11/2020,,0
"Popular Muslim Reactions to the Franks in the Levant, 1097–1291: Alex Mallett, 2014, Burlington, VT: Ashgate 2014] ISBN 9781409456124",10.1080/09503110.2020.1712821,01/16/2020,Spyros P Panagopoulos,3095465662;;3094906880;;3000660814,01/16/2020,08/11/2020,,0
The Byzantine Turks: 1204–1461,10.1080/09503110.2016.1275635,02/07/2017,Spyros P Panagopoulos,2625364788,02/07/2017,08/11/2020,,0
The Eastern Mediterranean frontier of Latin Christendom,10.1080/09503110.2019.1567827,01/24/2019,Spyros P Panagopoulos,2912132268,01/24/2019,08/11/2020,,0
The Latin Renovatio of Byzantium. The Empire of Constantinople (1204–1228),10.1080/09503110.2014.915124,08/14/2014,Spyros P Panagopoulos,2046912113,08/14/2014,08/11/2020,,0
"The Military Orders, volume V: Politics and Power",10.1080/09503110.2015.1100831,01/05/2016,Spyros P Panagopoulos,2229603723,01/05/2016,08/11/2020,,0
"The Orthodox Church in the Arab World (700 –1700) Samuel Noble and Alexander Treiger (Eds), 2014 ISBN 978-0-87580-701-0",10.1080/09503110.2019.1662606,09/05/2019,Spyros P Panagopoulos,3083098215;;2972099468;;3083355252,09/05/2019,08/11/2020,,0
Wassily Kandinsky's The Yellow Sound as a Total Work of Art: Reception and Interpretation,10.5325/intelitestud.21.2.0218,02/01/2019,Robert James Cardullo,2953600464,02/01/2019,08/11/2020,,0
Wassily Kandinsky's The Yellow Sound as a Total Work of Art: Reception and Interpretation,10.2979/jmodelite.41.4.01,04/01/2018,Robert James Cardullo,3047048551,04/01/2018,08/06/2020,,0
"Well Begun Is Only Half Done: Tracing Aristotle's Political Ideas in Medieval Arabic, Syriac, Byzantine, and Jewish Sources",10.1080/09503110.2014.915123,08/19/2014,Spyros P Panagopoulos,2132335021,08/19/2014,08/11/2020,,0
"COVID-19 and the scaled-down 2020 Hajj Pilgrimage - Decisive, logical and prudent decision making by Saudi authorities overcomes pre-Hajj public health concerns",10.1016/j.ijid.2020.08.014,08/08/2020,Alimuddin Zumla; Esam I Azhar; Salah Alqahtani; Shuja Shafi; Ziad A Memish,,08/08/2020,08/08/2020,,0
"Diversity, Inclusion, and Equity: Evolution of Race and Ethnicity Considerations for the Cardiology Workforce in the United States of America From 1969 to 2019",10.1161/JAHA.120.015959,03/24/2020,Norman C Wang,3012845777,03/24/2020,08/06/2020,10.1161/jaha.119.014592;; 10.1161/jaha.119.014602;; 10.1161/jaha.120.018848;; 10.1161/jaha.120.019137;; 10.1161/jaha.120.019210,5
Albania’s Difficult Path towards Democracy,10.1163/22102396-04804005,12/01/2014,Teresa Maria Cierco,2058253270,12/01/2014,02/04/2019;; 07/16/2020,10.1007/978-3-030-46711-1_7,1
Declines in Religiosity Predict Increases in Violent Crime-but Not Among Countries With Relatively High Average IQ,10.1177/0956797619897915,01/21/2020,Cory J Clark; Bo M Winegard; Jordan Beardslee; Roy F Baumeister; Azim F Shariff,3002654673,01/21/2020,06/26/2020,10.1177/0956797620941482,1
Early Pioneers of the Americas: The Role of the Olmecs in Urban Education and Social Studies Curriculum,10.1007/s11256-020-00584-w,06/25/2020,Greg Wiggan; Annette Teasdell; Marcia J Watson-Vandiver; Sheikia Talley-Matthews,3037036691,06/25/2020,06/25/2020,,0
When did the «tribute of Dorpat» appear,10.21638/11701/spbu19.2019.211,01/01/2020,Philip Dmitrievich Podberyozkin,3011321304,01/01/2020,05/25/2020,,0
Quantic approach to mind-matter interaction,10.12032/life2020-0422-401,04/25/2020,Namik Kemal Mahallesi; Kampus Caddesi,3039835111,04/25/2020,05/20/2020,,0
Frontmatter,10.1515/9783110619768,01/01/2019,Anonymous,,01/01/2019,04/30/2020,,0
The Security Sector Reform in Macedonia: An Externally Driven Process,10.1163/18763332-0401025,12/08/2018,Teresa Maria Cierco,2462406092,12/08/2018,03/06/2020,10.1007/978-3-319-91412-1_7,1
Effectiveness of music therapy with relaxation technique on stress management as measured by perceived stress scale,10.1097/MD.0000000000015107,04/12/2019,Francisca N Ogba; Moses O Ede; Charity N Onyishi; Patricia U Agu; Amaka B Ikechukwu-Ilomuanya; Janet N Igbo; Nkechi Egenti; Ifeyinwa Manafa; Chijioke Amoke; Nneka C Nwosu; Faith C Omeke; Bernedeth N Nwafor; Kingsley C Amadi; Edith N Nwokenna; Samuel C Ugwoke,2939204210,04/12/2019,03/01/2020,10.1080/19349637.2019.1674236;; 10.1007/s10942-020-00342-7;; 10.11569/wcjd.v27.i22.1391;; 10.1097/md.0000000000019635,4
Gay on God’s Campus: Mobilizing for LGBT Equality at Christian Colleges and Universities,10.1093/socrel/srz006,04/06/2019,Dawne Moon,2928982297,04/06/2019,03/01/2020,,0
Randomized controlled evaluation of the effect of music therapy with cognitive-behavioral therapy on social anxiety symptoms,10.1097/MD.0000000000016495,08/01/2019,Nkechi T Egenti; Moses O Ede; Edith N Nwokenna; Theresa Oforka; Bonaventure N Nwokeoma; Daniel I Mezieobi; Sabastian O Onah; Kelechi R Ede; Chijioke Amoke; Edmund E Offordile; Ngozi E Ezeh; Celestine O Eze; Patrick E Eluu; Kingley C Amadi; Benedict E Ugwuanyi; Ngozi C Uzoagba; Grace O Ugwonna; Maduka L Nweke; Vera Victor-Aigbodion,2966994271,08/01/2019,03/01/2020,10.1177/1359457519888392;; 10.1097/md.0000000000019634;; 10.1007/s10942-020-00371-2;; 10.1097/md.0000000000021535,4
"Male Desire, Male Frustration … and Epiphany: Mamet’s Edmond as a Species of Supranaturalism",10.1080/0895769X.2017.1422425,01/18/2018,Robert James Cardullo,2792777921,01/18/2018,02/27/2020,,0
"Disruption, despair and renewal: impacts and voices of the Ukrainian geographical community about the 2014 Russian invasion",10.1080/04353684.2019.1692634,11/28/2019,Stanley D Brunn; Olena Dronova; Leonid Rudenko; Oleksandr Leiberiuk,2989757562,11/28/2019,02/10/2020,,0
"'Fraternal Socialism': The International Reconstruction of North Korea, 1953-62",10.1080/1462740500061160,05/01/2005,Charles K Armstrong,2087178820,05/01/2005,02/10/2020,10.1080/0803706x.2011.622786;; 10.1080/02665433.2018.1555770;; 10.1017/s0960777316000096;; 10.1080/14672715.2014.898453;; 10.1215/21581665-4339080;; 10.1215/9781478012603-001;; 10.1215/9781478012603-002;; 10.1215/9781478012603-003;; 10.1215/9781478012603-004;; 10.1215/9781478012603-005;; 10.1215/9781478012603-006;; 10.1215/9781478012603-007;; 10.1215/9781478012603-008;; 10.1215/9781478012603-009;; 10.1215/9781478012603-010;; 10.1215/9781478012603-011;; 10.1215/9781478012603-012;; 10.1215/9781478012603-013;; 10.1215/9781478012603-014;; 10.1215/9781478012603-015;; 10.1215/9781478012603-016;; 10.1215/9781478012603-017;; 10.1215/9781478012603-018,23
Is Media Information That Smoking Causes Illness a Self-Fulfilling Prophecy,10.2466/pr0.1989.65.1.177,08/01/1989,Ronald Grossarth-Maticek; Hans J Eysenck,2045270266,08/01/1989,02/10/2020,10.1136/bmj.304.6837.1295;; 10.1177/1359105318822045;; 10.1007/bf01857280,3
"Personality, Stress and Disease: Description and Validation of a New Inventory",10.2466/pr0.1990.66.2.355,04/01/1990,Ronald Grossarth-Maticek; Hans J Eysenck,1973632246,04/01/1990,02/10/2020,10.1136/bmj.304.6837.1295;; 10.1186/1751-0759-8-8;; 10.3200/socp.146.1.31-50;; 10.2466/pms.1990.71.1.199;; 10.2466/pms.71.5.199-209;; 10.2466/pr0.1991.68.3c.1083;; 10.2466/pr0.1991.69.3.1027;; 10.2466/pr0.1992.71.3f.1251;; 10.2466/pr0.1993.72.2.499;; 10.2466/pr0.1993.73.3.943;; 10.2466/pr0.1995.76.1.3;; 10.2466/pr0.1995.77.1.131;; 10.2466/pr0.1999.85.2.505;; 10.2466/pr0.67.7.1024-1026;; 10.2466/pr0.85.6.505-517;; 10.2478/prilozi-2018-0025;; 10.3748/wjg.15.2980;; 10.1186/s13030-016-0075-3;; 10.1097/psy.0b013e31828b5366;; 10.1097/00006842-199505000-00007;; 10.1097/00006842-199805000-00027;; 10.1007/s10447-004-0179-5;; 10.1007/978-1-4615-3850-9_61;; 10.1007/bf01721220;; 10.1007/s00520-015-2960-x;; 10.1024//0170-1789.23.1.29;; 10.1026//0033-3042.54.1.12;; 10.1007/978-3-7091-9374-7_6;; 10.1177/1359105304045339;; 10.1007/bf02691067;; 10.1002/(sici)1097-4679(200001)56:1<33::aid-jclp4>3.0.co;2-2;; 10.2169/internalmedicine.45.1453;; 10.1207/s15327965pli0203_14;; 10.1207/s15327965pli0203_21;; 10.1207/s15327965pli0203_7;; 10.1017/s113874160000665x;; 10.1121/1.1385178;; 10.1186/s40405-017-0023-6;; 10.1002/(sici)1099-0984(199712)11:5<319::aid-per304>3.0.co;2-d;; 10.1002/(sici)1099-0984(199712)11:5<359::aid-per307>3.0.co;2-0;; 10.1002/per.2410050203;; 10.1002/per.2410090202;; 10.1007/978-1-4614-9605-2_3;; 10.1007/bf01857280;; 10.1080/00207594.2013.763948;; 10.2753/rpo1061-0405480501;; 10.29252/nirp.ijpcp.23.4.408;; 10.1177/097133369200400202;; 10.3917/trav.009.0183;; 10.2466/pr0.1990.67.3.1024;; 10.1177/00332941930733pt101;; 10.1177/00332941930733pt134,52
Can Non-Muslim Courts bring Legal Change in Sharia Laws,10.5539/jpl.v12n4p1,10/30/2019,Hajed A Alotaibi,2982706811,10/30/2019,02/07/2020,,0
The Nature of Creativity,10.1207/s15326934crj1801_10,06/08/2010,Robert J Sternberg,2151119690,06/08/2010,12/03/2019,10.1109/icnc.2009.129;; 10.1109/icalt.2014.149;; 10.1109/ieem.2017.8290199;; 10.36345/kacst.2010.28.6.010;; 10.1007/s13132-019-00623-2;; 10.17478/jegys.673022;; 10.1080/1360144x.2020.1712210;; 10.1007/978-3-030-38129-5_11;; 10.1177/2515127420912503;; 10.1007/978-3-030-35574-6_23;; 10.1088/1742-6596/1321/2/022063;; 10.1111/ssm.12355;; 10.1386/jmte_00004_1;; 10.1177/1354856519880791;; 10.2478/v10195-011-0042-5;; 10.1007/978-3-030-47415-7_96;; 10.1088/1742-6596/1521/2/022012;; 10.1088/1742-6596/1521/3/032036;; 10.1088/1742-6596/1521/4/042121;; 10.15688/lp.jvolsu.2019.4.11;; 10.3846/cs.2020.11027;; 10.3390/su12093605;; 10.3390/su12104203;; 10.1075/ml.00018.kor;; 10.1007/s10648-020-09547-9;; 10.1002/9781119568124.ch30;; 10.1017/jmo.2020.10;; 10.1002/jocb.464;; 10.1111/caim.12391;; 10.1177/1932202x20918203;; 10.1386/josc_00022_1;; 10.1002/9781118970843.ch343;; 10.3389/fpsyg.2020.575067;; 10.4018/978-1-7998-3473-1.ch128;; 10.3390/jintelligence8040037;; 10.1080/03004430.2020.1813122;; 10.1080/15505170.2020.1808126;; 10.4000/rfp.5130;; 10.1108/ijshe-06-2019-0198;; 10.1007/978-3-319-15347-6_353;; 10.46840/ec.2018.10.03;; 10.1007/s40692-020-00175-4;; 10.1080/10400419.2016.1195651;; 10.1080/10400419.2016.1195655;; 10.1080/10400419.2017.1263502;; 10.1080/10400419.2017.1263512;; 10.1080/10400419.2017.1302779;; 10.1080/10400419.2017.1360070;; 10.1080/10400419.2017.1376543;; 10.1080/10400419.2018.1411546;; 10.1080/10400419.2018.1411565;; 10.1080/10400419.2018.1446503;; 10.1080/10400419.2018.1446748;; 10.1080/10400419.2018.1446852;; 10.1080/10400419.2018.1488195;; 10.1080/10400419.2019.1641677;; 10.1080/10400419.2010.523390;; 10.1007/s10726-009-9158-x;; 10.25273/jipm.v6i2.1766;; 10.1057/978-1-137-55243-3_6;; 10.1108/s2051-229520160000002001;; 10.1108/sjme-10-2018-0047;; 10.7202/1050975ar;; 10.1080/00043125.2016.1141644;; 10.1080/14703297.2013.796723;; 10.1080/14703297.2019.1572525;; 10.1100/2012/210953;; 10.1260/1757-2223.4.1.25;; 10.1017/9781316691649;; 10.1017/9781316691649.001;; 10.1017/9781316691649.002;; 10.1017/9781316691649.003;; 10.1017/9781316691649.004;; 10.1017/9781316691649.005;; 10.1017/9781316691649.006;; 10.1017/9781316691649.007;; 10.1017/9781316691649.008;; 10.1017/9781316691649.009;; 10.1017/9781316691649.010;; 10.1017/9781316691649.011;; 10.1017/9781316691649.012;; 10.1017/9781316691649.013;; 10.1017/9781316691649.014;; 10.1017/9781316691649.015;; 10.1017/9781316691649.016;; 10.1017/9781316691649.017;; 10.1017/9781316691649.018;; 10.1017/9781316691649.019;; 10.1007/978-3-642-21678-7_13;; 10.1002/pchj.13;; 10.3846/20294913.2015.1056279;; 10.3846/23450479.2016.1223765;; 10.3846/cs.2018.271;; 10.3846/cs.2019.4313;; 10.3846/cs.2019.9141;; 10.1080/01443410.2011.557044;; 10.1080/10137548.2008.9687883;; 10.1177/0098628318796924;; 10.1002/acp.2857;; 10.1007/978-3-319-99163-4_17;; 10.1007/978-3-319-99163-4_6;; 10.1524/9783486716825.bm;; 10.17002/sil..40.201607.77;; 10.2752/175693810x12774625387477;; 10.2752/175693814x13916967094759;; 10.2753/imo0020-8825440402;; 10.1590/s1413-85572008000100008;; 10.1007/s11818-015-0039-z;; 10.1007/s11858-012-0467-1;; 10.1080/17543266.2013.835875;; 10.1080/17543266.2015.1018958;; 10.1080/17543266.2018.1516807;; 10.1080/17543266.2010.542185;; 10.1007/978-3-319-14017-9_7;; 10.1145/2671470.2671472;; 10.1109/hicss.2012.13;; 10.1109/icdmw.2013.28;; 10.1109/tale.2014.7062638;; 10.1109/iemc.2007.5235024;; 10.1109/compsac.2018.10215;; 10.1109/culturecomputing.2013.25;; 10.1007/978-3-319-94794-5_7;; 10.1007/978-3-319-21924-0_17;; 10.1007/978-3-319-21924-0_7;; 10.1007/978-3-319-22041-3_4;; 10.1111/bjet.12629;; 10.1080/1359432x.2015.1029046;; 10.1007/978-981-10-7524-7_2;; 10.1007/978-981-10-7524-7_4;; 10.1007/978-981-10-7524-7_7;; 10.1145/3286689.3286698;; 10.1080/21622965.2015.1119692;; 10.1111/j.1465-3435.2010.01431.x;; 10.1007/978-0-85729-224-7_25;; 10.1177/1847979019849135;; 10.1177/1938965512471892;; 10.3390/su8111193;; 10.3390/su9111979;; 10.1057/9781137511805_17;; 10.1080/14790726.2018.1520894;; 10.4018/ij3dim.2013010101;; 10.4018/jsita.2011070101;; 10.1007/978-1-4614-7753-2_126;; 10.1007/978-1-4614-7883-6_126-1;; 10.1111/j.1475-5661.2010.00390.x;; 10.1111/ejed.12270;; 10.3389/fpsyg.2014.00761;; 10.1101/184754;; 10.1088/1742-6596/1114/1/012027;; 10.1088/1742-6596/1286/1/012055;; 10.1088/1742-6596/947/1/012023;; 10.1111/pirs.12180;; 10.1007/978-981-287-618-8_1;; 10.1177/0149206314546196;; 10.1177/0149206317741963;; 10.1177/0149206318788435;; 10.1177/0162353211417221;; 10.24106/kefdergi.368886;; 10.1007/s10606-017-9280-2;; 10.1007/s10643-012-0532-y;; 10.1371/journal.pone.0150421;; 10.20972/kjee.28..201705.107;; 10.32609/0042-8736-2018-9-70-94;; 10.1177/0255761415607081;; 10.1177/2158244015601719;; 10.1177/2158244015611448;; 10.1177/2158244019835919;; 10.1002/9781119945000.ch20;; 10.1007/s12045-019-0810-8;; 10.1007/s12124-017-9406-6;; 10.1002/tesj.472;; 10.1002/tesq.211;; 10.1515/quageo-2015-0015;; 10.1177/0305735618805837;; 10.1080/13562517.2017.1379487;; 10.1002/ciuz.201700755;; 10.1080/23311908.2018.1493806;; 10.1111/jtsb.12069;; 10.1080/15332276.2018.1547620;; 10.1007/978-3-642-31991-4_6;; 10.1111/jcal.12057;; 10.1007/s11628-009-0083-5;; 10.4018/978-1-4666-4703-9.ch004;; 10.4018/978-1-4666-6591-0.ch009;; 10.4018/978-1-4666-8403-4.ch026;; 10.3389/fpsyg.2018.01315;; 10.3389/fpsyg.2019.00105;; 10.3389/fpsyg.2019.00381;; 10.1007/978-3-319-97085-1_15;; 10.1177/0002764293037001003;; 10.1002/sd.540;; 10.1017/dsi.2019.12;; 10.1080/15401383.2019.1581116;; 10.1080/15427609.2018.1489097;; 10.1177/0887302x15579990;; 10.1111/dsji.12073;; 10.1007/978-3-319-59545-0_10;; 10.1007/s13132-016-0420-6;; 10.1007/s11528-013-0685-6;; 10.1007/s11528-013-0714-5;; 10.1007/s11528-016-0151-3;; 10.1177/0022022116680479;; 10.1007/978-1-4614-5749-7_10;; 10.1177/003172171209400203;; 10.1177/0033294116646021;; 10.1080/04419057.2009.9674603;; 10.1002/job.1943;; 10.1080/07256868.2017.1291495;; 10.1002/9781118956588.ch22;; 10.1590/0102.3772e3435;; 10.1590/1807-7692bar2015140007;; 10.1590/1982-02752016000300013;; 10.1002/9781118367377.ch3;; 10.1111/nyas.13136;; 10.1111/geer.12165;; 10.1080/00098655.2016.1170448;; 10.1080/00140139.2017.1349940;; 10.3390/jintelligence3030073;; 10.5861/ijrsp.2015.923;; 10.1007/978-3-319-46233-2_3;; 10.1111/apps.12080;; 10.1080/03043797.2013.824411;; 10.1080/03050068.2018.1541665;; 10.1080/03055698.2015.1018871;; 10.1080/03057267.2012.655038;; 10.1080/0305764x.2013.860081;; 10.1080/0305764x.2016.1267710;; 10.1080/03075079.2019.1593350;; 10.1177/1326365x13517185;; 10.1177/1354067x12464987;; 10.1186/s12909-016-0823-x;; 10.2304/eerj.2014.13.1.107;; 10.1007/s00371-015-1193-9;; 10.2501/jar-2017-015;; 10.1111/caim.12110;; 10.1111/caim.12256;; 10.1080/14479338.2017.1369141;; 10.1080/14616734.2012.661602;; 10.9722/jgte.2016.26.4.677;; 10.1007/s10551-014-2106-y;; 10.18023/kjece.2017.37.5.018;; 10.1002/cad.20147;; 10.1007/978-94-6209-512-0_10;; 10.1007/978-94-6300-064-2_1;; 10.1007/978-94-6300-506-7_6;; 10.1007/978-1-4471-4111-2_10;; 10.1108/et-10-2018-0219;; 10.1108/f-06-2014-0054;; 10.1108/fs-03-2012-0011;; 10.1108/ijem-05-2013-0084;; 10.1177/1745691618767878;; 10.1177/1745691618794945;; 10.21833/ijaas.2016.11.012;; 10.21833/ijaas.2017.05.009;; 10.1007/978-3-658-17389-0_5;; 10.4018/978-1-5225-0643-0.ch002;; 10.4018/978-1-5225-2050-4.ch001;; 10.4018/978-1-5225-4952-9.ch002;; 10.4018/978-1-5225-4952-9.ch005;; 10.4018/978-1-5225-4952-9.ch006;; 10.4018/978-1-5225-7918-2.ch006;; 10.4018/978-1-60960-519-3.ch008;; 10.1007/978-3-319-18221-6_9;; 10.1080/09500693.2016.1230685;; 10.1080/10511970.2019.1629515;; 10.1080/10548408.2012.674879;; 10.1063/1.5003492;; 10.1177/10980482160201-213;; 10.1177/1098048219840784;; 10.1002/jocb.139;; 10.1002/jocb.171;; 10.1002/jocb.221;; 10.1002/jocb.344;; 10.1002/jocb.39;; 10.1002/jocb.421;; 10.1002/jocb.81;; 10.1007/978-3-319-62968-1_41;; 10.1007/978-3-319-69650-8_5;; 10.1108/jhtt-10-2014-0063;; 10.1108/jkm-04-2013-0136;; 10.1177/0734282911428196;; 10.1177/0735633118770800;; 10.4324/9780203888841.ch21;; 10.1007/978-3-662-43454-3_33;; 10.1007/978-3-662-44214-2_15;; 10.5367/ihe.2014.0228;; 10.5465/amle.2010.0003;; 10.1007/s12564-015-9378-5;; 10.13106/jafeb.2019.vol6.no2.123;; 10.1177/097226291101500205;; 10.1177/1052562918786992;; 10.1177/105678791202100405;; 10.1145/2757226.2764556;; 10.1145/3050385.3050389;; 10.1145/3159450.3159471;; 10.17507/jltr.0605.18;; 10.17679/inuefd.481895;; 10.17759/sps.2018090108;; 10.1002/j.2162-6057.2010.tb01328.x;; 10.1002/j.2162-6057.2010.tb01335.x;; 10.1007/978-3-319-71058-7_55-1;; 10.1007/978-3-319-72381-5_3;; 10.1142/s1363919616400016;; 10.1080/10400410802633533;; 10.1080/10400410903579494;; 10.1080/10400410903579635;; 10.1080/10400419.2011.545734;; 10.1080/10400419.2011.545750;; 10.1080/10400419.2012.730003;; 10.1080/10400419.2013.752235;; 10.1080/10400419.2013.752287;; 10.1080/10400419.2014.901068;; 10.1080/10400419.2016.1125248;; 10.1080/10400419.2016.1125270;; 10.1080/10400419.2016.1162543;; 10.1080/10400419.2016.1195616,316
"A biblical view of eating and nutrition in contrast to that in Graeco-Roman writings: restraint, respect, purpose, and order",10.1080/13537121.2019.1645965,08/08/2019,Kalman J Kaplan; Matthew B Schwartz; Moriah Markus-Kaplan,2967758359,08/08/2019,11/08/2019,,0
Reconstructing disasters and adaptation scenario of nineteenth-century Kashmir,10.1111/disa.12364,06/24/2019,Bashir Ahmad; Akhtar Alam; M Sultan Bhat; Kurshid A Bhat,2955029472,06/24/2019,11/06/2019,,0
The victorious counterrevolution: the nationalist effort in the Spanish Civil War,10.1080/14608944.2018.1563986,02/14/2019,Pedro Garcia-Guirao,2913626875,02/14/2019,11/05/2019,,0
"Book Review: Industrial Sexuality: Gender, Urbanization, and Social Transformation in Egypt by Hanan Hammad",10.1177/0891243219846501,05/01/2019,Eli R Wilson,2943032310,05/01/2019,10/16/2019,,0
A Nation Within a Nation: Organizing African-American Communities before the Civil War,10.1080/14664658.2012.746274,12/13/2012,Stephen Robinson,2983369435,12/13/2012,10/15/2019,,0
The identity of Catholic schools as seen by teachers in Catholic schools in Queensland,10.1080/19422539.2018.1418946,02/23/2018,Jim Gleeson; John O’Gorman; Maureen O’Neill,2788985155,02/23/2018,09/30/2019,,0
Rationality as a condition for intercultural understanding,10.5169/seals-791151,01/01/2001,Peter Johannes Schulz,,01/01/2001,09/10/2019,,0
The Crisis of Zionism. By Peter Beinart,10.1093/jcs/cst044,06/27/2013,James L Gelvin,1951697714,06/27/2013,09/01/2019,,0
The Negative Association between Religiousness and Children's Altruism across the World,10.1016/j.cub.2015.09.056,11/05/2015,Jean Decety; Jason M Cowell; Kang Lee; Randa Mahasneh; Susan Malcolm-Smith,1925740804,11/05/2015,08/05/2019,10.1111/bjdp.12156;; 10.1080/15570274.2018.1469824;; 10.1007/s11153-016-9603-0;; 10.1093/scan/nsz016;; 10.1007/s10943-019-00900-z;; 10.1007/s41603-017-0024-3;; 10.1002/9781119119302.biblio;; 10.1002/9781119119302.ch27;; 10.1111/jcpp.12705;; 10.1371/journal.pone.0197755;; 10.1371/journal.pone.0199311;; 10.3389/fpsyg.2016.01149;; 10.1111/desc.12466;; 10.1111/desc.12590;; 10.1007/978-3-319-57063-1_6;; 10.3390/ijerph16091485;; 10.1111/sode.12198;; 10.1371/journal.pone.0213582;; 10.1007/s10551-018-3937-8;; 10.1080/00344087.2018.1529468;; 10.1007/978-3-319-16999-6_1702-1;; 10.1007/978-3-319-16999-6_1702-2;; 10.1007/978-3-319-64428-8_3;; 10.33929/sherm.2019.vol1.no1.06;; 10.1098/rsos.190991;; 10.1177/1069397117733450;; 10.1017/thg.2018.71;; 10.3390/rel10010037;; 10.1080/17470919.2016.1257437;; 10.5812/ijhrba.95072;; 10.1080/2153599x.2019.1678518;; 10.1108/ejm-02-2018-0134;; 10.1007/978-3-030-17234-3_7;; 10.1080/01416200.2020.1740168,34
The Open Mind: A Phenomenology,10.4236/ojpp.2017.72009,05/01/2017,Josh Adler,2620114054,05/01/2017,06/28/2019,,0
Trinitarian Roots of Francis Bacon's Pragmatism,10.1111/heyj.12493,02/08/2017,Aderemi Artis,2917705871,02/08/2017,06/11/2019,,0
Cloning the War on Terror,10.1080/09502386.2012.658076,02/15/2012,Harry J Weil,3094513537;;2021192615;;3093769839,02/15/2012,06/04/2019,,0
A Daily Dose of Humanities,10.4300/JGME-D-17-00910.1,06/01/2018,Darryl Potyk; Judy Swanson; Judy Benson,2809389314,06/01/2018,06/01/2019,10.4300/jgme-d-19-00265.1,1
The World Come of Age: An Intellectual History of Liberation Theology,10.1093/jaarel/lfz020,04/25/2019,Kyle B T Lambelet,2946596990,04/25/2019,06/01/2019,,0
A check-up on Canada's health system,10.1016/S0140-6736(17)32871-4,11/25/2017,Kishor M Wasan; Ellen K Wasan; Jawahar Kalra,2769976360,11/25/2017,05/25/2019,,0
Effects of Therapy on Religious Men Who Have Unwanted Same-Sex Attraction,10.1177/0024363918788559,07/23/2018,Paul L Santero; Neil E Whitehead; Dolores Ballesreros,2884437389,07/23/2018,05/23/2019,,0
From courtyard sport to competitive sport: evolution of wrestling in colonial Bengal,10.1080/17430437.2014.919258,05/22/2014,Amitava Chatterjee,2042822756,05/22/2014,05/09/2019,10.1080/03323315.2017.1327366;; 10.1123/ssj.2017-0088,2
A Discourse Analysis of German Fairy Tale 'Rapunzel' Written by the Brothers Grimm,10.30605/ethicallingua.v5i2.1037,08/09/2018,Andi Tenrisanna Syam,2891871375,08/09/2018,05/03/2019,,0
"Antonioni and Bergman, or night and light",10.1177/0047244118818995,01/15/2019,Robert James Cardullo,2909323434,01/15/2019,04/10/2019,,0
A Study on Viewing Act Under the Influence of Viewer's Density And Scale of Basic Exhibition Tanks,10.3130/aija.62.95_1,02/02/2017,Yukio Tsuboyama; Shinji Satoh; Yoshio Kobayashi,153117858,02/02/2017,03/30/2019,,0
Preconception Care through Religious Leaders in Bangladesh – A Novel Approach,10.3329/dmcj.v6i2.38212,09/14/2018,Samsad Jahan; Shahana Shermin,2898786688,09/14/2018,03/18/2019,,0
A brief history of human evolution: challenging Darwin’s claim,10.1186/s41257-018-0014-2,10/29/2018,Sarah Umer,2899430158,10/29/2018,02/19/2019,10.1186/s41257-019-0017-7,1
The American Marshall plan film campaign and the Europeans: a captivated audience,10.1080/14782804.2018.1541673,11/16/2018,Stuart Parkes,2891682912,11/16/2018,01/28/2019,,0
"Administrative Duplicate Publication The effects of windblown sand on the deterioration of mural paintings in cave 285, in Mogao caves, Dunhuang",10.1177/1744259118773387,05/30/2018,Akane Mikayama; Shuichi Hokoi; Daisuke Ogura; Ken Okada; Bomin Su,2907997989,05/30/2018,01/15/2019,,0
Religion and mental health,10.4103/0019-5545.105526,01/07/2013,Prakash B Behere; Anweshak Das; Richa Yadav; Aniruddh P Behere,2075796680,01/07/2013,01/15/2019,10.1080/13674676.2016.1166194;; 10.1080/13674676.2018.1428793;; 10.1080/13674676.2018.1504905;; 10.1080/13674676.2018.1517254;; 10.1080/13674676.2019.1628194;; 10.1080/13674676.2019.1636368;; 10.1080/15528030.2019.1670771;; 10.1186/s12955-019-1218-6;; 10.1177/0037768618768438;; 10.1007/s10943-017-0360-x;; 10.1007/s10943-017-0551-5;; 10.1007/s10943-018-0710-3;; 10.1007/s10943-019-00875-x;; 10.1371/journal.pone.0128800;; 10.1590/0103-1104201611012;; 10.1186/s12889-015-1478-y;; 10.1186/s12889-019-6732-2;; 10.1097/cnj.0000000000000546;; 10.1163/15736121-12341342;; 10.18863/pgy.391783;; 10.3390/rel9010003;; 10.3390/rel9110357;; 10.1080/07448481.2019.1710516;; 10.1177/1178223420903054;; 10.3390/ijerph16214287;; 10.3390/su12072918;; 10.1080/00207411.2020.1781426;; 10.1111/pcn.13087;; 10.1080/15528030.2020.1827480,29
The princess of polka dots: Using art as a medium to cope with hallucinations,10.4103/psychiatry.IndianJPsychiatry_149_18,01/18/2018,K V Suma; Suhas Chandran; T S Sathyanarayana,2797614968,01/18/2018,01/09/2019,,0
Photophysics of artist’s pigments,10.1016/j.measurement.2018.03.082,04/03/2018,Gianluca Accorsi; Giovanni Verri; Angela Acocella; David Saunders; Charlotte Martin de Fonjaudran; Diego Tamburini; Amarilli Rava; Samuel Whittaker; Francesco Zerbetto,2795792604,04/03/2018,12/28/2018,,0
Can we prove the existence of God using quantitative biology,10.31219/osf.io/q9xzj,10/04/2018,Tidjani Locatelli,,10/04/2018,12/21/2018,,0
Application of Maqasid Al-Shari'ah in evaluating Fiqh Jihad of religious extremism,10.4314/jfas.v10i6s.186,05/01/2018,M I Abd Razak; M A Ramli; R A Abdul Rahim; N H Aziz; N Anas,,05/01/2018,12/01/2018,,0
Coding and decoding stereoscopic film compression by multiwavelet transform,10.4314/jfas.v10i4s.233,03/01/2018,Nada Alramahi; Martin Bush; M Rafiq Swash,2971927248,03/01/2018,12/01/2018,,0
Development model of digital Quran based on technology Acceptance in learning performance,10.4314/jfas.v10i6s.182,05/01/2018,N Anas; M I M Ariff; Z Mohd Ghazali; Z Yaacob,2900226221,05/01/2018,12/01/2018,,0
"Haste, its types, and consequences from the perspective of quranic verses and islamic narrations",10.4314/jfas.v10i6s.137,03/07/2018,B Mehraki; A Shirazinezhad; M A Sookhaklari,,03/07/2018,12/01/2018,,0
Novel 3D stereoscopic film compression using multiwavelet,10.4314/jfas.v10i4s.234,03/01/2018,Nada Alramahi; Martin Bush; M Rafiq Swash,2808994581,03/01/2018,12/01/2018,,0
Numerically- analysed multiwavelet transform computations: multidimensional compression case studies,10.4314/jfas.v10i4s.235,03/01/2018,Nada Alramahi; Martin Bush; M Rafiq Swash,2772607157,03/01/2018,12/01/2018,,0
Ontology driven meta-modeling of service oriented architecture,10.4314/jfas.v10i4s.4,03/01/2018,Shreya Banerjee; Shruti Bajpai; Anirban Sarkar; Takaaki Goto; Narayan C Debnath,2883941790,03/01/2018,12/01/2018,,0
Prediction of success of movies using data analytics techniques,10.4314/jfas.v10i6s.143,03/07/2018,A Sakib; N N A Sjarif; K Kamardin; S M Daud,,03/07/2018,12/01/2018,,0
Realistic applications of information technology in art,10.4314/jfas.v10i5s.14,03/22/2018,Sanaa Mohsin,2936749277,03/22/2018,12/01/2018,,0
"Migration, Transnationalism and Catholicism: Global Perspectives",10.1080/14649365.2018.1519125,10/05/2018,Olivia Sheringham,2889719461,10/05/2018,11/28/2018,,0
Managing Learning for Quality Improvement of Islamic Education,10.32478/evaluasi.v2i2.169,06/01/2018,Siti Mutholingah,2891786214,06/01/2018,10/01/2018,,0
"On the stone worshipping medium pedewaq performed by Hindu worshippers and Wetu Telu muslims in Lingsar district, west Lombok Regency, Indonesia",10.4314/jfas.v10i5s.48,04/16/2018,M Suastika; T G T Nindhia; N P S Budhawati,2808263088,04/16/2018,10/01/2018,,0
"Sedimentary facies, sequence stratigraphy and diagenesis of mixed fluvial siliciclastic-marine carbonate deposits of the Lower Miocene Razak Formation at Sarkhun Gas Field, Zagros Basin, SE Iran: A linkage with reservoir quality",10.1016/j.marpetgeo.2018.02.018,02/19/2018,Hamad Amel; Hamdallah A Wanas; Arman Jafarian; A Amel; S Ghazi; M A Caja,2792650360,02/19/2018,08/07/2018,,0
Atomic resolution studies detect new biologic evidences on the Turin Shroud,10.1371/journal.pone.0180487,06/30/2017,Elvio Carlino; Liberato de Caro; Cinzia Giannini; Giulio Fanti,2726172176,06/30/2017,07/19/2018,10.1371/journal.pone.0201272;; 10.1111/arcm.12383;; 10.1111/1556-4029.13941,3
Managing and interpreting D-Day's sites of memory: guardians of remembrance,10.1080/1743873X.2017.1279389,01/19/2017,Warwick Frost,2569388077,01/19/2017,07/12/2018,,0
A look at Mayan artificial cranial deformation practices: morphological and cultural aspects,10.3171/2010.9.FOCUS10200,12/01/2010,Samuel Romero-Vargas; Jose Luis Ruiz-Sandoval; Arturo Sotomayor-Gonzalez; Rogelio Revuelta-Gutierrez; Miguel Angel Celis-Lopez; Juan Luis Gomez-Amador; Ulises Garcia-Gonzalez; Raul Lopez-Serna; Victor Garcia-Navarro; Diego Mendez-Rosito; Victor Correa-Correa; Sergio Gomez-Llata,2121461932,12/01/2010,07/01/2018,10.3171/2012.6.focus12120;; 10.3171/2014.1.focus13466;; 10.1007/s00381-011-1493-y;; 10.1177/0883073811432749;; 10.1007/978-3-319-06118-4_1;; 10.1002/ajpa.22832;; 10.1590/s1981-81222014000100002,7
Knowledge of skull base anatomy and surgical implications of human sacrifice among pre-Columbian Mesoamerican cultures,10.3171/2012.6.FOCUS12120,08/01/2012,Raul Lopez-Serna; Juan Luis Gomez-Amador; Juan Barges-Coll; Nicasio Arriada-Mendicoa; Samuel Romero-Vargas; Miguel Ramos-Peek; Miguel Angel Celis-Lopez; Rogelio Revuelta-Gutierrez; Lesly Portocarrero-Ortiz,2008540822,08/01/2012,07/01/2018,10.1007/s12565-017-0399-5,1
Organic Democracy: Political Participation and Representation in Franco’s Spain,10.5944/etfv.27.2015.15751,12/09/2015,Miguel Angel Gimenez Martínez,2246723549,12/09/2015,03/21/2018,,0
David Eduardo TAVAREZ (Ed.). Words and Worlds Turned Around: Indigenous Christianities in Colonial Latin America.,10.1007/s41603-018-0040-y,03/13/2018,Marcos Verdugo,2793372463,03/13/2018,03/13/2018,,0
The democratic turn in the secularism-religion debate,10.3989/isegoria.2017.057.08,01/07/2017,Diego Bermejo,2769942240;;2966504570;;2902232863,01/07/2017,01/08/2018,,0
Brittany 1750 - 1950 The Invisible Nation and Brittany A Concise History,10.1093/fh/crn067,10/24/2008,Alison Carrol,,10/24/2008,11/28/2017,,0
Fundamentals of Electronic Resources Management,10.1016/j.acalib.2017.09.010,10/31/2017,Madeline Kelly,,10/31/2017,11/01/2017,,0
The Study on Simulating Binaural Room Impulse Response,10.1109/ICCSIT.2010.5564505,07/09/2010,Tian-Kui Guo; Yue-Zhe Zhao,2278152431,07/09/2010,09/07/2017,10.1109/icalip.2014.7009911,1
Wassily Kandinsky’s The Yellow Sound as a total work of art,10.1007/s11059-017-0384-y,04/04/2017,Robert James Cardullo,2604343897,04/04/2017,09/07/2017,,0
Case Study of Carbon Emissions from a Building’s Life Cycle Based on BIM and Ecotect,10.1155/2015/954651,06/14/2015,Changhai Peng; Xiao Wu,2125545750,06/14/2015,04/05/2017,10.1155/2016/8513293;; 10.1155/2017/2193505;; 10.1007/978-3-030-10856-4_10;; 10.1098/rsos.170174;; 10.3846/jcem.2019.11056;; 10.36680/j.itcon.2020.001,6
"Strategic Bombing, Causal Beliefs, and Double Effect",10.1007/s10790-015-9518-5,09/10/2015,Ezio Di Nucci,1923324694,09/10/2015,03/21/2017,,0
"The Witness Set Constraint: Determiners, conservativity, witnesses",10.1093/jos/ffw009,07/27/2016,Jordi Fortuny,2482243249,07/27/2016,03/05/2017,,0
The Cuban Revolution and historiography,10.3989/aeamer.2008.v65.i1.106,01/01/2008,Jose Maria Aguilera Manzano,2077185449,01/01/2008,02/06/2017,,0
Ceramics at the Emergence of the Silk Road: A Case from Southeastern Kazakhstan,10.1557/opl.2014.430,05/09/2014,Maryfran Heinsch; Pamela B Vandiver; Kyra Lyublyanovics; Alice M Choyke; Perry Tourtellotte; Claudia Chang,2315104695,05/09/2014,01/01/2017,10.1557/opl.2017.3,1
Country Land Building Intensity Contrast of Binzhou City Based on RS and GIS,10.2174/1874149501509010923,10/29/2015,Jianlin Wang; Yinsheng Yang; Lei Wang,1946574614,10/29/2015,12/29/2016,10.2174/1874149501610010883,1
Blasts from the Past: War and Fracture in the International System,10.1093/ips/olw019,11/11/2016,Jens Bartelson,2564173654,11/11/2016,12/01/2016,10.1177/0967010618795787,1
A systematic review on post-implementation evaluation models of enterprise architecture artefacts,10.1007/s10796-016-9716-0,11/12/2016,Fatemah Nikpay; Rodina Ahmad; Babak Darvish Rouhani; Shahaboddin Shamshirband,2551198085,11/12/2016,11/12/2016,10.1007/978-3-030-20618-5_14,1
Thou shalt not suffer a witch to live (Exod 22:18) and contemporary Akan Christian belief and practice: A translational and hermeneutical problem,10.17159/2312-3621/2016/v29n1a3,01/01/2016,Yaw Adu-Gyamfi,2345962877,01/01/2016,11/07/2016,,0
The Voluntary Nature of Ethical-Moral Behavior in the 21st Century (or in Any Other): A Personal Perspective,10.4172/2155-9627.1000286,10/01/2016,Thomas Spears,2550892115,10/01/2016,11/06/2016,,0
Historical Perspective on Public Support for the Draft: War Costs and Military Service,10.1093/jogss/ogw014,08/26/2016,Benjamin O Fordham,2516626020,08/26/2016,10/05/2016,10.1007/978-3-319-30534-9_17-1;; 10.1007/978-3-319-54484-7_17,2
"Computational fluid dynamics, a building simulation tool for achieving sustainable buildings",10.1016/j.rser.2015.12.198,05/01/2016,Yatheshth Anand; Ankush Gupta; Satish K Tyagi; Sanjeev Anand,2225282979,05/01/2016,10/01/2016,10.3390/s19051119,1
Culture as Constitutive: An Exploration of Audience and Journalist Perceptions of Journalism in Samoa,10.1111/cccr.12076,10/09/2014,Linda Jean Kenix,2941524414,10/09/2014,09/07/2016,10.1080/23743670.2017.1292703;; 10.1111/cccr.12158,2
Social mobility in the early middle ages,10.1016/j.eeh.2016.08.001,08/24/2016,Nicholas J Meinzer,2516564787,08/24/2016,08/24/2016,,0
The spiritual reform of Saint Teresa of Jesus and her relationship with the courtly factions of the Spanish monarchy,10.3989/hs.2015.013,07/01/2015,Jose Martinez Millan,2257537338,07/01/2015,07/19/2016,,0
Output and workforce in the Jesuit haciendas of colonial Buenos Aires: La Chacarita and Las Conchas in the eighteenth century,10.3989/aeamer.2012.2.09,07/01/2012,Sandra Fabiana Olivero Guidobono,2060076036,07/01/2012,06/14/2016,,0
Role of Methodology in Action Research,10.1111/1467-9752.12181,03/20/2016,Kubilay Kaptan,2302544899,03/20/2016,03/20/2016,10.1111/theo.12268,1
A Participatory Iterative Mapping Approach and Evaluation of Three Machine Learning Algorithms for Accurate Mapping of Cropping Patterns in a Complex Agro-Ecosystems,10.4236/ars.2016.51001,01/25/2016,Gudina Legese Feyisa; Leo Palao; Andy Nelson; Khin Thawda Win; Kin Nge Htar; Murali Krishna Gumma; David E Johnson,2266710161,01/25/2016,02/15/2016,10.1109/iss1.2017.8389413,1
The Rhetoric of Political Conservationism: The Post-Reagan Era,10.4236/jss.2013.13005,03/01/2013,Himanshi Raizada,2277345355,03/01/2013,01/15/2016,,0
Michael Baius (1513–89) and the Debate on ‘Pure Nature’: Grace and Moral Agency in Sixteenth-Century Scholasticism,10.1007/1-4020-3001-0_4,01/01/2005,Martin William Francis Stone,949542651,01/01/2005,01/01/2016,10.1002/9781119265955.ch11;; 10.1007/978-3-319-99435-2_4,2
On ‘presence’ and conversing with the past: do historians communicate with the past?,10.1080/13642529.2014.915496,05/12/2014,Alun Munslow,2296782457,05/12/2014,01/01/2016,,0
The mystery of reincarnation,10.4103/0019-5545.105519,01/01/2013,Anil Kumar Mysore Nagaraj; Raveesh Bevinahalli Nanjegowda; S M Purushothama,2060802755,01/01/2013,12/15/2015,10.1080/17470218.2016.1251472,1
Clean,10.1007/s10912-011-9141-9,02/02/2010,Stacy R Nigliazzo,2019491828,02/02/2010,12/01/2015,,0
People Say There Are No Accidents: Poetry and Commentary,10.1007/s10912-009-9096-2,01/14/2010,Caleb Gardner; Ladan Golestaneh; Baljean Dhillon; Audrey Shafer,2176894845,01/14/2010,12/01/2015,,0
Seasons,10.1007/s10912-010-9122-4,09/07/2010,Jonathan Reisman,2177783083,09/07/2010,12/01/2015,,0
Child Farm Laborers,10.2105/AJPH.2015.302623,05/14/2015,Aung Zaw Win,2207055834,05/14/2015,08/01/2015,10.2105/ajph.2015.1057.1726,1
Two thinks at a time,10.1080/14788810903264795,11/30/2009,Mustapha Marrouchi,1511799631,11/30/2009,07/24/2015,,0
Errance et transgressions raciniennes: Pour une nouvelle semiotique du discours tragique,10.1080/00397700109598531,01/01/2001,Richard Lawrence Etienne Barnett,2022007847,01/01/2001,05/11/2015,,0
Le simulacra inaugural: Micro-lecture camusienne,10.1080/00397709909598513,03/01/1999,Richard Lawrence Etienne Barnett,1978079003,03/01/1999,05/11/2015,,0
"Estimation of flood environmental effects using flood zone mapping techniques in Halilrood Kerman, Iran",10.1186/s40201-014-0153-z,12/27/2014,Siamak Boudaghpour; Majid Bagheri; Zahra Bagheri,2297660434,12/27/2014,04/17/2015,10.1186/s40201-015-0182-2,1
Publishing in the Journal of Hydrologic Engineering,10.1061/(ASCE)HE.1943-5584.0001128,11/06/2014,Rao S Govindaraju; Richard H McCuen; Mohamed M Hantush,2102959681,11/06/2014,04/03/2015,,0
The Examples of the Studio Approach that Based on Metaphors,10.1016/j.sbspro.2015.01.949,02/12/2015,Emine Yildiz Kuyrukcu; Zafer Kuyrukcu,2317948615,02/12/2015,03/29/2015,,0
On the Illuminationist Approach to Imaginal Power: Outline of a Perspective,10.1007/s11245-007-9015-y,06/27/2007,Mahmoud Khatami,,06/27/2007,02/06/2015,10.3366/film.2016.0003,1
Absence et Subterfuge Modianesques,10.1007/s11059-012-0120-6,05/04/2012,Richard Lawrence Etienne Barnett,1976311747,05/04/2012,01/23/2015,,0
Apories Cioraniennes,10.1007/s11059-010-0081-6,01/07/2011,Richard Lawrence Etienne Barnett,2086454617,01/07/2011,01/23/2015,,0
Autopsies du Centre,10.1007/s11059-010-0065-6,10/22/2010,Richard Lawrence Etienne Barnett,2098040826,10/22/2010,01/23/2015,,0
Aux Alentours du néant: Propos sur L’anodin,10.1007/s11059-013-0186-9,05/02/2013,Richard Lawrence Etienne Barnett,2055310065,05/02/2013,01/23/2015,10.1007/s11059-014-0235-z,1
Désignifier au Pluriel: Les épreuves du labyrinthe générique,10.1007/s11059-014-0235-z,07/26/2014,Richard Lawrence Etienne Barnett,71918092,07/26/2014,01/23/2015,,0
Les Enjeux de la Parole,10.1007/s11059-008-4013-7,10/28/2008,Richard Lawrence Etienne Barnett,2021256628,10/28/2008,01/23/2015,10.1007/s11059-013-0186-9,1
Les épreuves du Labyrinthe Rochien,10.1007/s11059-011-0111-z,08/30/2011,Richard Lawrence Etienne Barnett,2056529847,08/30/2011,01/23/2015,,0
Of Difference Contrived: The Semiotics of Sameness in J.-K. Huysmans’ A Rebours,10.1007/s11059-007-1013-y,06/01/2007,Richard Lawrence Etienne Barnett,1980668831,06/01/2007,01/23/2015,,0
Paroles à la Dérive,10.1007/s11059-013-0232-7,02/14/2014,Richard Lawrence Etienne Barnett,148879963,02/14/2014,01/23/2015,,0
Sur l’émiettement chaotique du sens,10.1007/s11059-008-3007-9,06/07/2008,Richard Lawrence Etienne Barnett,1975165512,06/07/2008,01/23/2015,,0
The Semiotics of “Transit” in Joyce’s Ulysses,10.1007/s11059-009-1015-z,05/19/2009,Richard Lawrence Etienne Barnett,2069100767,05/19/2009,01/23/2015,,0
Cioran et le gouffre temporel,10.1075/rro.44.1.05bar,03/24/2009,Richard Lawrence Etienne Barnett,2059906447,03/24/2009,01/01/2015,,0
Jeux transgressifs: Sur les egarements rochiens,10.1075/rro.46.1.06bar,06/27/2011,Richard Lawrence Etienne Barnett,2041504913,06/27/2011,01/01/2015,,0
La Parole Monstrueuse,10.1007/s11059-006-0032-4,12/01/2006,Richard Lawrence Etienne Barnett,163368859,12/01/2006,01/01/2015,,0
Le mythe de l’éminence grise. Sémiotique du sous-texte paulhanien,10.1484/J.LLR.1.102300,01/01/2011,Richard Lawrence Etienne Barnett,2177948731,01/01/2011,01/01/2015,,0
Le postmoderne a la derive: parcours dubouchettien,10.3366/nfs.2004-3.003,06/01/2012,Richard Lawrence Etienne Barnett,2284482428,06/01/2012,01/01/2015,,0
Les enjeux de l’irrepresentable,10.1111/j.1600-0811.2004.00005.x,05/25/2004,Richard Lawrence Etienne Barnett,2028175373,05/25/2004,01/01/2015,,0
L'interminable depart: topos de l'evanescence rimbaldienne,10.1111/j.1600-0811.2007.420206.x,12/27/2007,Richard Lawrence Etienne Barnett,1974144136,12/27/2007,01/01/2015,,0
Mélanges: La guerre du goût,10.1111/j.1600-0811.2004.00016.x,10/15/2004,Richard Lawrence Etienne Barnett,2048085111,10/15/2004,01/01/2015,,0
Paroles Disloquées,10.1007/s11059-013-0210-0,07/11/2013,Richard Lawrence Etienne Barnett,81798602,07/11/2013,01/01/2015,,0
Poetique de la fuite. Parcours rimbaldiens,10.1484/J.LLR.3.154,01/01/2007,Richard Lawrence Etienne Barnett,2473705119,01/01/2007,01/01/2015,,0
Poetique de la rupture spectrale: Hantise et ressassement,10.1075/rro.48.1.06eti,06/21/2013,Richard Lawrence Etienne Barnett,2041825815,06/21/2013,01/01/2015,,0
Sur la poetique circonstancielle : micro-lecture dubouchettienne,10.1111/j.1600-0811.2004.00016.x,10/15/2004,Richard Lawrence Etienne Barnett,2048085111,10/15/2004,01/01/2015,,0
Transpositions architecturale chez Bosco,10.1484/J.LLR.3.186,01/01/2009,Richard Lawrence Etienne Barnett,2336781877,01/01/2009,01/01/2015,,0
Sacred psychiatry in ancient Greece,10.1186/1744-859X-13-11,04/12/2014,Georgios Tzeferakos; Athanasios Douzenis,1493514376,04/12/2014,11/26/2014,10.1186/s12991-014-0030-2;; 10.1007/978-3-030-12584-4_2;; 10.1007/978-3-030-39335-9_1,3
Impact of Spiritual Leadership on Unit Performance,10.1016/j.leaqua.2011.02.002,04/01/2011,Louis W Fry; Sean T Hannah; Michael Noel; Frederick O Walumbwa,1968685498,04/01/2011,04/27/2012;; 07/30/2014;; 10/01/2014,10.1080/14766086.2012.758054;; 10.1080/14766086.2013.801026;; 10.1080/14766086.2013.836127;; 10.1080/14766086.2014.886518;; 10.1080/14766086.2014.933709;; 10.1080/14766086.2017.1315316;; 10.1080/14779633.2017.1378453;; 10.1146/annurev-orgpsych-031413-091312;; 10.1007/s10943-015-0074-x;; 10.1177/2322093717736134;; 10.21484/kros.2013.10.2.29;; 10.21484/kros.2018.15.2.1;; 10.3389/fpsyg.2018.02627;; 10.1002/job.1921;; 10.1590/1679-395110386;; 10.1007/978-94-007-7463-6_2;; 10.5812/ircmj.55930;; 10.1111/jonm.12398;; 10.1111/jonm.12810;; 10.1186/s12913-017-2050-5;; 10.1007/s10551-012-1370-y;; 10.1007/s10551-013-1847-3;; 10.1007/s10551-015-2796-9;; 10.18211/kjhrdq.2015.17.4.003;; 10.1177/1548051811429352;; 10.1108/ijcthr-03-2015-0012;; 10.1108/ijoa-04-2019-1733;; 10.1007/978-3-319-14908-0_9;; 10.21666/muefd.325111;; 10.4018/978-1-5225-3132-6.ch010;; 10.4018/978-1-5225-6980-0.ch003;; 10.4018/978-1-5225-9893-0.ch003;; 10.1080/10508422.2017.1318069;; 10.1007/978-3-319-61929-3_26-1;; 10.1007/978-3-319-61929-3_43-1;; 10.1007/978-3-319-62163-0_26;; 10.1007/978-3-319-62163-0_43;; 10.1108/ijoem-11-2017-0495;; 10.1108/jeas-03-2016-0005;; 10.1108/jocm-01-2015-0009;; 10.1108/jocm-07-2015-0105;; 10.1108/jocm-11-2012-0186;; 10.1177/0972262919840216;; 10.1177/105268461302300603;; 10.1108/lodj-04-2014-0078;; 10.1108/mip-06-2016-0087;; 10.1111/ijcs.12438;; 10.1007/978-3-030-13984-1_1;; 10.1891/1061-3749.26.2.364;; 10.1108/tlo-08-2011-0046;; 10.3390/rel6020594;; 10.1177/0971685816650573;; 10.1177/0971685816689741;; 10.1080/17439760.2013.776622;; 10.1007/s10551-019-04358-7;; 10.1108/jima-08-2018-0140;; 10.1108/jabs-03-2018-0089;; 10.1080/14766086.2020.1728568;; 10.1177/0887302x20926573,59
The Elusive Object and the Fading Craft of Theatre Criticism: A Conversation with Gordon Rogoff,10.1353/dtc.2010.0005,09/01/2010,Robert James Cardullo,2106217469,09/01/2010,08/20/2014,,0
The Man Who Would Be Hated: An Interview with John Simon,10.1353/dtc.2009.0001,09/01/2009,Robert James Cardullo,2180891184,09/01/2009,08/20/2014,,0
Who will carry the word? The threshold between unspeakability and silence in the Holocaust narratives of Charlotte Delbo and Jorge Semprun,10.1080/13825571003588429,04/07/2010,Esther Sanchez-Pardo,1998176099,04/07/2010,07/24/2014,10.1075/ceb.10.15sch;; 10.1525/irqr.2011.4.4.431,2
"Warlords, priests and the politics of ethnic cleansing: a case-study from rural Bosnia Hercegovina",10.1080/014198700329114,12/07/2010,Mart Bax,2097384229,12/07/2010,03/28/2014,10.1080/13691830601154294;; 10.1057/9781137330727_7;; 10.1111/j.1354-5078.2005.00213.x;; 10.7767/boehlau.9783205791959.309;; 10.7767/boehlau.9783205793625.319;; 10.1177/0309132507087647;; 10.7202/014427ar;; 10.1177/1463499605050866;; 10.1177/1468797615588425;; 10.1177/1468797616635371;; 10.1080/14623520305660;; 10.1080/00343400050192856;; 10.1002/casp.699;; 10.1177/1750698016650485;; 10.1002/9781118257203.ch15;; 10.1080/09668136.2011.547697;; 10.1017/s1755048314000789;; 10.1080/01419870.2011.535548;; 10.1080/01419870.2011.556748;; 10.1080/01419870.2010.522245;; 10.3390/rel9070213;; 10.1590/s0104-71832013000200016,22
"The Farceur as Modernist: Fernand Crommelynck, The Magnanimous Cuckold, and Twentieth-Century Western Drama",10.1353/dtc.2013.0033,09/01/2013,Robert James Cardullo,2056789008,09/01/2013,02/09/2014,,0
"Cinema as ‘social documentary’: The film theory of André Bazin, revisited",10.1386/sfc.13.1.33_1,01/01/2013,Robert James Cardullo,1974627684,01/01/2013,01/23/2014,10.1007/978-3-030-45901-7_1,1
The Study of Quality of Life: Interview with Konstadina Griva,10.5964/ejop.v9i1.582,02/01/2013,Paraskevi Theofilou,1568636095,02/01/2013,11/01/2013,,0
Earth Architecture in the World,10.1016/j.sbspro.2013.08.841,10/10/2013,Hamed Niroumand; M F M Zain; Maslina Jamil,1994283215,10/10/2013,10/24/2013,,0
A catalog of aftershock sequences in Greece (1998–2008) and their spatial and temporal characteristics,10.1007/s10950-012-9310-y,06/04/2012,Ioannis Baskoutas; Dimitrios Papanastassiou,1985381573,06/04/2012,07/01/2013,,0
Letzte Hoffnung,10.1016/j.scoms.2013.04.032,01/01/2013,Anonymous,,01/01/2013,06/19/2013,,0
Scientific yellow journalism,10.4161/sgtp.22289,09/20/2012,Anica Klockars; Michael J Williams,1990793074,09/20/2012,04/01/2013,,0
Terror Management and Stereotyping: Why Do People Stereotype When Mortality Is Salient?,10.1177/0146167207312465,04/01/2008,Lennart J Renkema; Diederik A Stapel; Marcus Maringer; Nico W van Yperen,2137877549,04/01/2008,02/05/2013,10.3758/s13423-011-0211-9;; 10.1093/scan/nsp041;; 10.1177/0146167208329630;; 10.1080/03601277.2011.595335;; 10.1111/j.1751-9004.2010.00304.x;; 10.1126/science.1201068;; 10.1002/ejsp.818;; 10.1080/10615806.2016.1138288;; 10.1177/1088868309352321;; 10.1111/j.1467-9280.2009.02414.x;; 10.1521/soco.2009.27.6.929;; 10.1521/soco.2011.29.3.238;; 10.1080/17513057.2017.1280525;; 10.1080/15298868.2020.1737569;; 10.1177/0030222820928148,15
Islam and Post-Modernism: Locating the Rise of Islamism in Turkey,10.1093/jis/etp023,06/26/2009,Anwar Alam,1840656621,06/26/2009,12/21/2012,10.1007/s11205-013-0247-5;; 10.5339/messa.2014.5;; 10.1080/02185377.2020.1741415,3
"Empire, Bare Life and the Constitution of Whiteness: Sovereignty in the Age of Terror",10.1007/s10691-012-9194-9,03/31/2012,Sunera Thobani,2208792313,03/31/2012,09/01/2012,,0
"Look Back in Bemusement: The New American Cinema, 1965-1970",10.1093/camqtly/bfn023,12/01/2011,Robert James Cardullo,2171319101,12/01/2011,09/01/2012,,0
Specification and Verification of Dynamic Evolution of Software Architectures,10.1016/j.sysarc.2010.08.005,10/01/2010,Xu Hongzhen; Zeng Guosun,2072889134,10/01/2010,09/01/2012,10.1109/sbcars.2013.24;; 10.1109/sbcars.2014.18,2
Death of a Salesman and Arthur Miller's Religious Identity,10.1080/14725886.2012.646706,04/11/2012,Robert James Cardullo,2040293513,04/11/2012,08/31/2012,,0
Geo-Genealogy of Irish Surnames,10.4113/jom.2010.1128,06/01/2010,Kenneth S Field; Linda Beale,2046915955,06/01/2010,05/18/2012,10.4113/jom.2010.1171,1
Mapping the relationship between transport energy consumption and urban form characteristics for the Greater Dublin Area,10.4113/jom.2010.1074,06/01/2010,John Carty; Aoife Ahern,2050036847,06/01/2010,05/18/2012,10.4113/jom.2010.1140;; 10.1088/0031-8949/84/02/025801;; 10.1080/17538947.2012.740079,3
Schematic visualisation of ski resort trails,10.4113/jom.2009.1045,05/01/2009,Kenneth S Field,2119532892,05/01/2009,05/18/2012,10.1080/17445647.2015.1088482,1
Investigating the need of nuclear power plants for sustainable energy in Iran,10.1016/j.rser.2011.05.014,07/16/2011,Afshin Mazandarani; T M I Mahlia; W T Chong; M Moghavvemi,2089268500,07/16/2011,11/25/2011,,0
"Play Doctor, Doctor Death: Shaw, Ibsen, and Modern Tragedy",10.1353/cdr.2011.0017,09/01/2011,Robert James Cardullo,2156554682,09/01/2011,11/17/2011,10.3366/iur.2012.0039,1
The Angelic Doctor and the Stagirite: Thomas Aquinas and Contemporary ‘Aristotelian’ Ethics,10.1111/j.0066-7372.2003.00023.x,06/01/2001,Martin William Francis Stone,2158392555,06/01/2001,10/01/2011,10.1007/978-94-007-6510-8_83,1
On generation and development of railway elementary education in China (from 1898 to 1949),10.1109/AIMSEC.2011.6009702,08/08/2011,Meiyan Ding,1532326596,08/08/2011,09/06/2011,,0
On innovative art professionals cultivation in Higher Art Education,10.1109/AIMSEC.2011.6010607,08/08/2011,Ran Yu,1549924153,08/08/2011,09/06/2011,,0
On the destruction of spiritual culture in university,10.1109/AIMSEC.2011.6009712,08/08/2011,Wendong Wang,1505668912,08/08/2011,09/06/2011,,0
"Religion, culture and male involvement in the use of family planning: evidence from Enugu and Katsina States of Nigeria",10.1111/j.1466-7657.2011.00900.x,06/02/2011,C Ujuju; J Anyanti; S B Adebayo; F Muhammad; O Oluigbo; A Gofwan,2152885147,06/02/2011,09/06/2011,10.12968/ajmw.2016.10.3.120;; 10.1016/j.ijgo.2012.12.010;; 10.1101/19010587;; 10.2147/oajc.s274570,4
Thought styles and paradigms: A comparative study of Ludwik Fleck and Thomas S. Kuhn,10.1016/j.shpsa.2011.02.001,04/09/2011,Nicola Mößner,2003175046,04/09/2011,09/01/2011,10.1007/s10670-016-9815-9;; 10.1007/978-3-030-01018-8_4;; 10.1007/s40656-018-0206-1;; 10.1080/17522439.2013.845593,4
Animated character design innovation for animation industry development,10.1109/ICPIM.2011.5983694,07/16/2011,Tao Ran,1572022292,07/16/2011,08/15/2011,,0
Exploration on product brand innovation under creative management,10.1109/ICPIM.2011.5983654,07/16/2011,He Fang; Hu Qi,1515920080,07/16/2011,08/15/2011,,0
Research on limitation of knowledge,10.1109/ICPIM.2011.5983659,07/16/2011,Wang Huawei; Lou Ping,1576665656,07/16/2011,08/15/2011,,0
Research on product innovation design based on knowledge,10.1109/ICPIM.2011.5983671,07/16/2011,Guo Fang,1674142952,07/16/2011,08/15/2011,,0
Research on the exhibition design strategy based on exhibition value system,10.1109/ICPIM.2011.5983620,07/16/2011,Wang Min; Xie Jialong,1560328276,07/16/2011,08/15/2011,,0
Research on the innovation and management of students' practical ability in art design using appraisal system,10.1109/ICPIM.2011.5983698,07/16/2011,Xinjuan Song; Yanmei Zhu,1567518228,07/16/2011,08/15/2011,,0
Study on development history and policy of industrial design in China,10.1109/ICPIM.2011.5983681,07/16/2011,Wei Fang; Huang Zhaofang,1831878815,07/16/2011,08/15/2011,,0
Study on the design characteristics of time-keeping tools,10.1109/ICPIM.2011.5983724,07/16/2011,Zhang Junli,1581171535,07/16/2011,08/15/2011,,0
A randomised controlled study of the effects of music on sleep quality in older people,10.1111/j.1365-2702.2010.03368.x,02/07/2011,Moon Fai Chan,1236563440;;1576791255;;2319228865,02/07/2011,07/14/2011,10.1097/hnp.0000000000000041;; 10.1007/s10072-017-2878-9;; 10.1089/acm.2015.0304;; 10.1111/jan.12380;; 10.1111/nhs.12238;; 10.1177/1471301213514419;; 10.1002/14651858.cd010459.pub2;; 10.1111/jnu.12082,8
Reconstructing the Idea of Critique Session in Architecture Studio,10.1016/j.sbspro.2011.05.014,01/01/2011,Nangkula Utaberta; Badiossadat Hassanpour; Adi Irfan Che Ani; Mastor Surat,2055080221,01/01/2011,06/25/2011,10.21326/ksdt.2016..53.008;; 10.1108/jedt-08-2017-0079,2
Study of the relationship between IPO market timing and capital structure of Real Estate companies Econometric evidence from the Panel Data of Hong Kong Main Board Stock Market,10.1109/ICBMEI.2011.5918013,05/13/2011,Gao Chun Li; Lan Feng,2993440020;;2279104285;;1831821992,05/13/2011,06/23/2011,,0
The factor contribution to the Chinese industry growth: 1952-2007,10.1109/ICBMEI.2011.5920919,05/13/2011,Zeng Xian-feng; Li Guo-ping,1844954315,05/13/2011,06/23/2011,,0
Analysis on the dynamic mechanism of R & D industry,10.1109/ICEBEG.2011.5882087,05/06/2011,Li Shun-cai; Lai Hai-lian; Hu Yue-shi,1484961498,05/06/2011,06/16/2011,,0
Innovation of Anglo-American literature teaching oriented by improving practical abilities,10.1109/ICEBEG.2011.5887110,05/06/2011,Liang Ying-jun,1503669147,05/06/2011,06/16/2011,,0
The Study of Energy Saving Technology for Different Regions,10.1109/ICEBEG.2011.5881435,05/06/2011,Cui Jianning; Li Yong; Han Xu; Mao Jinfeng,1551338318,05/06/2011,06/16/2011,,0
Philosophy and Theology,10.1017/CHOL9780521762182.013,01/01/2009,Martin William Francis Stone; Robert Wisnovsky,2478621559,01/01/2009,06/01/2011,,0
The care of souls and “practical ethics”,10.1017/CHOL9780521762168.040,01/01/2009,Martin William Francis Stone,2494206206,01/01/2009,05/01/2011,,0
Bibliometric study of the publications related to the pendulum between the years 1629 and 1885,10.3989/redc.2008.4.647,10/01/2008,Magdalena Moreno-Cabo; Joan Joseph Solaz-Portoles,1993624055,10/01/2008,01/26/2011,,0
Oil painting structure which based on autodesk drawing software,10.1109/ICIECS.2010.5677759,12/25/2010,Jianhua Liu,1489345116,12/25/2010,12/30/2010,10.1007/978-3-642-21697-8_110,1
What caused the mid-Holocene forest decline on the eastern Tibet-Qinghai Plateau?,10.1111/j.1466-8238.2009.00501.x,11/27/2009,Ulrike Herzschuh; H John B Birks; Xingqi Liu; Claudia Kubatzki; Gerrit Lohmann,2139588191;;193261174;;2326968768,11/27/2009,12/17/2010,10.1659/mrd-journal-d-09-00057.1;; 10.1038/s41598-017-03500-7;; 10.1007/s10933-010-9469-6;; 10.1007/978-3-319-30475-5_1;; 10.1007/s11430-015-5482-x;; 10.1017/qua.2018.56;; 10.1016/j.yqres.2011.06.002;; 10.1016/j.yqres.2013.05.001;; 10.1177/0959683611400195;; 10.1177/0959683611400218;; 10.1007/s11104-019-04304-6,11
Estimation of uncertainty in flatness Minimum Zone verification according to new GPS standard system,10.1109/ICCASM.2010.5620293,10/22/2010,Liangrong Zhu,1600307755,10/22/2010,11/04/2010,,0
Numerical simulation of overall stability of concrete filled steel tube arch bridge,10.1109/ICCASM.2010.5619365,10/22/2010,Fangcun Song; Hu Jia,1588055268,10/22/2010,11/04/2010,,0
Research and exploration for professional practice and teaching reform in art design,10.1109/ICEIT.2010.5607708,09/17/2010,Yongsheng Song; Jianhua Wang,1480095118,09/17/2010,10/25/2010,,0
The integrated frameworks for studying spatial morphology of historical city evolution,10.1109/ICEIT.2010.5608425,09/17/2010,Lu Zheng; Guo Weimin; Zhou Xuan,1526140901,09/17/2010,10/25/2010,,0
St. Luke and his cult as holy healer of the Serbs,10.2298/SARH0410364M,09/01/2004,Zorica Mitrovic; Ljiljana Markovic; Maja Nenadovic,2089073135,09/01/2004,10/12/2010,,0
Analysis of the characters of the geographic distribution of the world's extra-large cities,10.1109/ESIAT.2010.5568983,07/17/2010,Lin Zhang; Zhang Long; Binwen Zou,1571227560,07/17/2010,09/09/2010,,0
Human activities and lake evolution in the middle reaches of Yangtze River,10.1109/ESIAT.2010.5567270,07/17/2010,Jian-wu Huang; Ya-jing Tian,2287886331,07/17/2010,09/09/2010,,0
Study on the application of team communication patterns in art design teaching,10.1109/ESIAT.2010.5568967,07/17/2010,Liu Jian; Zhang Qiuhong; Cheng Qunqun,1859569682,07/17/2010,09/09/2010,10.1109/icicse.2012.54;; 10.1109/carpi.2012.6356553,2
Audio encoder architecture using an external and middle ear model and an approximate cochlear filter bank repartition,10.1109/ICCSIT.2010.5563985,07/09/2010,Khalil Abid; Kais Ouni; Noureddine Ellouze,1486493232,07/09/2010,09/07/2010,,0
Harmonious color combination rules based on natural color system,10.1109/ICCSIT.2010.5564005,07/09/2010,Eun-Young Park; Ki-Eun Lee; Young-Ho Park,1885861964,07/09/2010,09/07/2010,,0
Multi-modal music genre classification approach,10.1109/ICCSIT.2010.5564489,07/09/2010,Chao Zhen; Jieping Xu,2120150106,07/09/2010,09/07/2010,10.1080/23080477.2015.11665646;; 10.1007/s11042-014-2189-6,2
Survey on simplification algorithm for large-scale terrain modeling,10.1109/ICCSIT.2010.5565182,07/09/2010,HuiXin Wu; Hui Zhang,1531138977,07/09/2010,09/07/2010,,0
"Big country dependent economy development of Taiwan -Functions of Japan, the US, and China in Taiwan's economy development",10.1109/ICAMS.2010.5553270,07/09/2010,Jung Hsiung-Shen; Ting-Sheng Weng,1570267722,07/09/2010,08/23/2010,,0
Classification and decision of architectural structure based on similarity measurement and risk analysis,10.1109/ICAMS.2010.5552908,07/09/2010,Li Da-hua; Zhang Si-bing,1602980930,07/09/2010,08/23/2010,,0
Innovative design of industrial-academic cooperation in baby products,10.1109/ICAMS.2010.5553019,07/09/2010,Ruilin Lin; Jingchen Xie,1607094430,07/09/2010,08/23/2010,,0
Study of integration innovation of modern industrial engineering technologies based on lean thinking,10.1109/ICAMS.2010.5553148,07/09/2010,Shu Jun-yi; Shi Xue-gang,1518003790,07/09/2010,08/23/2010,,0
Study on creative design in composition,10.1109/ICAMS.2010.5553021,07/09/2010,Jingchen Xie; Ruilin Lin,1634405793,07/09/2010,08/23/2010,,0
Conscience in Renaissance moral thought: a concept in transition?,10.1111/j.1477-4658.2009.00603.x,08/19/2009,Martin William Francis Stone,1942381792,08/19/2009,08/12/2010,10.1007/978-3-319-02848-4_602-1,1
Exploration of practical teaching system of clothing subject and improvement of educational mode of enterprise base,10.1109/ICETC.2010.5529623,06/22/2010,Fanglong Zhu; Kejing Li,1615636879,06/22/2010,07/29/2010,,0
Research of GPS/DR integrated position system in position of navigation marks,10.1109/ICENT.2010.5532196,06/25/2010,Dan Li; Xiao-kui Ren,1946685481,06/25/2010,07/29/2010,,0
Study on design strategy of brand culture in art education,10.1109/ICENT.2010.5532127,06/25/2010,Zhu Lili,1604868322,06/25/2010,07/29/2010,,0
The research of GPS localization and Map-Matching method,10.1109/ICENT.2010.5532184,06/25/2010,Pan Xi; Shun Yang,1603530039,06/25/2010,07/29/2010,,0
Application of sketchup in the teaching of landscape design of undergraduate college,10.1109/OPEE.2010.5507971,05/10/2010,Li-fang Qiao; Shu-jing Zheng; Yao Wang; Lilei Zhang,1904644857,05/10/2010,07/12/2010,10.1109/3pgcic.2012.22,1
Research on practical teaching system of fashion subject and educational pattern of enterprise base,10.1109/OPEE.2010.5508083,05/10/2010,Fanglong Zhu; Kejing Li,2171306528,05/10/2010,07/12/2010,,0
Study on therapeutic effect of music therapy on patients with dental anxiety of college students,10.1109/EDT.2010.5496628,04/17/2010,Pu Cheng; Rong Chen,1667789077,04/17/2010,06/28/2010,10.1109/tce.2012.6170064,1
The evolution and historical role of examination system in ancient China,10.1109/ICCET.2010.5486054,04/16/2010,Xie Li-zhi,1541493905,04/16/2010,06/17/2010,,0
The research of analysis and designing for History- Educational Games,10.1109/ICCET.2010.5485551,04/16/2010,Ling He; Xiaoqiang Hu; Xianmei Jiang,2110969804,04/16/2010,06/17/2010,,0
Slavery and medicine in the Caribbean at the end of the Ancien Régime,10.1080/03071020802410312,02/25/2010,José María Aguilera-Manzano,1965828118,02/25/2010,05/17/2010,,0
An Analysis of a Genre Set in RA Abstracts and Introductions in Different Disciplines,10.1109/ETCS.2010.125,03/06/2010,Han Ping; Wei Qingqing; Liu Yuying; Zhu Zhengyu,1938728456,03/06/2010,05/06/2010,,0
Application of digital technology in art-design education,10.1109/ETCS.2010.329,03/06/2010,Zhang Meng,1598361352,03/06/2010,05/06/2010,,0
C++ Teaching Guided by System Theory and Practice Theory in Philosophy,10.1109/ETCS.2010.561,03/06/2010,Yu Helong; Zhao Yuxin; Chen Guifen; Jiao Hongbin,1496469285,03/06/2010,05/06/2010,,0
Chinese painting education under the contemporary situation,10.1109/ETCS.2010.322,03/06/2010,Chongzheng Tan,1602546875,03/06/2010,05/06/2010,,0
Discussion on the Design Education Divided between Sense and Artistry,10.1109/ETCS.2010.369,03/06/2010,Yun Duan,2121456784,03/06/2010,05/06/2010,,0
Effects of Net-Media on Art Design Education,10.1109/ETCS.2010.531,03/06/2010,Chaoshun Wang,2155203270,03/06/2010,05/06/2010,,0
On the Ability Development in the Course Graphic Originality,10.1109/ETCS.2010.532,03/06/2010,Zhang Hongbo,1485514177,03/06/2010,05/06/2010,,0
To Explore Case-Driven Teaching Mode for Mechanical CG Course,10.1109/ETCS.2010.314,03/06/2010,Li Wei,1527509779,03/06/2010,05/06/2010,,0
"Sorcery, Taoism, polytheism, Sao - Sources of Chu art's spiritual images",10.1109/CAIDCD.2009.5374938,11/26/2009,Yang Sibao,2154988128,11/26/2009,01/08/2010,,0
In the Shadow of Augustine: The Scholastic Debate on Lying from Robert Grosseteste to Gabriel Biel,10.1515/9783110204544.6.277,01/01/2004,Martin William Francis Stone,2548657252,01/01/2004,01/01/2010,10.1111/1468-2281.12045;; 10.1007/978-3-319-99435-2_4,2
Probabilism and Its Methods: Leonardus Lessius and His Contribution to the Development of Jesuit Casuistry,10.2143/ETL.75.4.504765,12/01/1999,Martin William Francis Stone; T Van Houdt,1999615408,12/01/1999,11/15/2009,10.1017/s1053837209090051;; 10.1007/1-4020-3001-0_6;; 10.1007/978-3-030-46711-1_4,3
The origins of probabilism in late scholastic moral thought : A prolegomenon to further study,10.2143/RTPM.67.1.520,01/01/2000,Martin William Francis Stone,2039120332,01/01/2000,11/12/2009,10.1080/00048400802215687;; 10.1007/1-4020-3001-0_5;; 10.1007/978-3-030-46711-1_4,3
An econometric analysis of development dynamics in modern chinese industry,10.1109/ICCSIT.2009.5234868,08/08/2009,Wang Ailing,1557393123,08/08/2009,09/11/2009,,0
The Importance of Bonding — A Historic Overview and Future Possibilities,10.1260/136943306779369509,12/01/2006,Björn Täljsten,2163703002,12/01/2006,09/01/2009,10.1260/1369-4332.16.7.1311,1
Partition and its precedents,10.1080/10402659908426312,04/01/1999,Robert Getso,2085306101,04/01/1999,06/04/2009,,0
A history of medical reports on the Boston Marathon: 112 years and still running,10.1249/MSS.0b013e3181878067,02/01/2009,PAUL D THOMPSON; CARMELO V VENERO,,02/01/2009,06/01/2009,,0
Profile of Phillip Cohen,10.1073/pnas.0902168106,03/17/2009,Carrie Arnold,2043607787,03/17/2009,04/08/2009,,0
"Ecological value at risk: The temporal analysis of the emergy ecological footprint and biological capacity in Gansu, China 1980–2020",10.1016/j.ecolecon.2009.03.006,04/03/2009,Xiaohong Wei; Zizhen Li,2024840426,04/03/2009,04/03/2009,,0
An Auteur for All Seasons: An Interview with Eric Rohmer,10.1353/frf.0.0051,09/01/2008,Robert James Cardullo,2139978587,09/01/2008,02/28/2009,,0
Designer DNA architectures for nanobiotechnology,10.1093/nass/nrn048,09/08/2008,Yan Liu; Hao Yan,2084046629,09/08/2008,12/01/2008,,0
Aristotelianism and Scholasticism in Early Modern Philosophy,10.1002/9780470998847.ch2,01/01/2002,Martin William Francis Stone,1507416143,01/01/2002,01/14/2008,10.1007/978-3-319-99435-2_4,1
Model Parent-Child Relationships between Lines and Parcels,10.1109/WICOM.2007.1393,09/21/2007,Hui Huang; Fuling Bian,2541551151,09/21/2007,10/08/2007,,0
More calculated to mislead than inform; travel writers and the mapping of Central America (1821-1945),10.1590/S0104-87752007000100006,01/01/2007,Jordana Dym,2267654661,01/01/2007,01/01/2007,,0
Scholastic schools and early modern philosophy,10.1017/CCOL0521822424.012,01/01/2006,Martin William Francis Stone,2497020468,01/01/2006,01/01/2007,10.1007/978-3-476-05321-3_5;; 10.1111/j.1467-9795.2008.00356.x,2
Seemingly harmless new Christian religious movements in South Africa pose serious threats of spiritual abuse,10.4102/ hts.v63i1.199,01/01/2007,Stephan P Pretorius,,01/01/2007,01/01/2007,,0
Augustine and medieval philosophy,10.1017/CCOL0521650186.018,01/01/2001,Martin William Francis Stone,2502195750,01/01/2001,05/01/2006,10.1080/13674670902911872;; 10.1007/978-3-030-00235-0_7,2
From a Punitive to a Bargaining Model of Sanctions: The Case of Iraq,10.1111/j.1468-2478.2005.00373.x,09/01/2005,Euclid A Rose,1968756341,09/01/2005,03/08/2006,10.1162/isec.2005.30.3.47;; 10.1057/978-1-349-95145-1_16;; 10.1080/01402390.2014.891074,3
Non-Greek doctors involved in the nineteenth-century revolutions in Crete,10.1177/096777200000800209,05/01/2000,Ioanna A Ramoutsaki,2462495719,05/01/2000,05/01/2002,,0
